Project Length,30
CRF,0.1
Annual Capture Amount (MTCO2/yr),17.901
Total Cost ($M/yr),-129.45379264094515
Capture Cost ($M/yr),1301.38412
Transport Cost ($M/yr),127.51595735905481
Storage Cost ($M/yr),-1558.35387

Source,Capture Amount (MTCO2/yr),Capture Cost ($M/yr)
6,17.901,1301.38412

Sink,Storage Amount (MTCO2/yr),Storage Cost ($M/yr)
6,17.901,-1558.35387

Edge Source,Edge Sink,Amount (MTCO2/yr),Transport Cost ($M/yr)
649437,657366,17.901,1.7467003481514936
243696,241059,17.901,2.0336419959573453
241059,622999,17.901,85.67030038736814
180220,243696,17.901,29.331812886820376
178898,180220,17.901,0.5055638556579292
622999,624321,17.901,0.27783238914534836
624321,646791,17.901,5.319807057733884
646791,648113,17.901,0.31199210912223546
648113,649437,17.901,2.3183063290980708
